alpha_order,school_name,year_min,year_max,total_years,overall_games,overall_wins,overall_losses,overall_ties,overall_win_loss_pct,bowl_games,bowl_games_wins,bowl_games_losses,bowl_games_ties,bowl_games_win_loss_pct,srs,sos,poll_final,conf_champ_count,notes,school_url,school_key
1,Air Force,1957,2025,69,801,435,354,12,.551,30,16,13,1,.550,1.09,-0.93,7,3,,https://www.sports-reference.com/cfb/schools/air-force/,air-force
2,Akron,1975,2025,40,460,165,292,3,.362,3,1,2,0,.333,-12.04,-6.54,0,1,,https://www.sports-reference.com/cfb/schools/akron/,akron
3,Alabama,1902,2025,122,1355,996,317,42,.751,78,46,29,3,.609,13.90,4.33,62,30,record adjusted to 967-326-41 by NCAA,https://www.sports-reference.com/cfb/schools/alabama/,alabama
4,Alameda Coast Guard,1943,1944,2,15,8,4,3,.633,0,0,0,0,,-0.16,-5.13,0,0,,https://www.sports-reference.com/cfb/schools/alameda-coast-guard/,alameda-coast-guard
5,Alcorn State,1977,1977,1,11,3,8,0,.273,0,0,0,0,,-17.10,-9.19,0,0,,https://www.sports-reference.com/cfb/schools/alcorn-state/,alcorn-state
6,Amarillo Field,1944,1944,1,8,5,3,0,.625,0,0,0,0,,5.10,-1.78,0,0,,https://www.sports-reference.com/cfb/schools/amarillo-field/,amarillo-field
7,Amherst,1877,1906,25,239,108,109,22,.498,0,0,0,0,,-1.08,-0.09,0,0,,https://www.sports-reference.com/cfb/schools/amherst/,amherst
8,Appalachian State,1972,2025,22,261,153,103,5,.596,8,7,1,0,.875,-1.40,-5.90,1,4,,https://www.sports-reference.com/cfb/schools/appalachian-state/,appalachian-state
9,Arizona,1931,2025,92,1007,517,467,23,.525,21,10,10,1,.500,1.44,0.71,8,6,,https://www.sports-reference.com/cfb/schools/arizona/,arizona
10,Arizona State,1931,2025,92,1015,610,387,18,.610,34,15,18,1,.456,3.54,-1.08,18,18,record adjusted to 595-392-18 by NCAA,https://www.sports-reference.com/cfb/schools/arizona-state/,arizona-state
11,Arkansas,1906,2025,120,1282,715,530,37,.572,45,18,24,3,.433,6.42,3.14,29,14,record adjusted to 716-529-37 by NCAA,https://www.sports-reference.com/cfb/schools/arkansas/,arkansas
12,Arkansas State,1974,2025,44,515,229,284,2,.447,12,5,7,0,.417,-8.86,-6.44,0,7,record adjusted to 219-284-2 by NCAA,https://www.sports-reference.com/cfb/schools/arkansas-state/,arkansas-state
13,Army,1891,2025,132,1325,730,544,51,.570,11,8,3,0,.727,3.28,-0.37,16,1,,https://www.sports-reference.com/cfb/schools/army/,army
14,Auburn,1902,2025,123,1299,782,474,43,.619,47,24,21,2,.532,8.81,4.60,40,8,record adjusted to 785-472-42 by NCAA,https://www.sports-reference.com/cfb/schools/auburn/,auburn
15,Ball State,1975,2025,51,586,280,302,4,.481,9,1,8,0,.111,-8.09,-6.97,1,6,,https://www.sports-reference.com/cfb/schools/ball-state/,ball-state
16,Bates,1901,1905,3,21,10,8,3,.548,0,0,0,0,,-0.94,-1.28,0,0,,https://www.sports-reference.com/cfb/schools/bates/,bates
17,Baylor,1903,2025,120,1275,631,603,41,.511,28,14,14,0,.500,2.84,2.71,16,9,record adjusted to 631-603-40 by NCAA,https://www.sports-reference.com/cfb/schools/baylor/,baylor
18,Beloit,1894,1905,9,85,39,36,10,.518,0,0,0,0,,-1.30,-1.39,0,0,,https://www.sports-reference.com/cfb/schools/beloit/,beloit
19,Birmingham-Southern,1920,1924,4,36,16,17,3,.486,0,0,0,0,,-5.29,-4.68,0,0,,https://www.sports-reference.com/cfb/schools/birmingham-southern/,birmingham-southern
20,Boise State,1996,2025,30,380,289,91,0,.761,22,13,9,0,.591,6.03,-3.85,14,16,record adjusted to 290-90-0 by NCAA,https://www.sports-reference.com/cfb/schools/boise-state/,boise-state
21,Boston College,1901,2025,91,989,536,439,14,.549,29,15,14,0,.517,1.72,0.08,14,1,,https://www.sports-reference.com/cfb/schools/boston-college/,boston-college
22,Boston University,1923,1964,20,170,73,90,7,.450,0,0,0,0,,-6.91,-4.99,1,0,,https://www.sports-reference.com/cfb/schools/boston-university/,boston-university
23,Bowdoin,1896,1905,7,66,33,30,3,.523,0,0,0,0,,-2.71,-2.47,0,0,,https://www.sports-reference.com/cfb/schools/bowdoin/,bowdoin
24,Bowling Green,1962,2025,64,720,382,327,11,.538,15,5,10,0,.333,-5.40,-6.33,1,9,,https://www.sports-reference.com/cfb/schools/bowling-green-state/,bowling-green-state
25,Bradley,1949,1951,3,29,14,15,0,.483,0,0,0,0,,-12.91,-12.75,0,0,,https://www.sports-reference.com/cfb/schools/bradley/,bradley
26,Brown,1878,1981,93,858,431,392,35,.523,1,0,1,0,.000,-2.89,-3.54,0,1,,https://www.sports-reference.com/cfb/schools/brown/,brown
27,Bucknell,1888,1946,40,357,168,157,32,.515,1,1,0,0,1.000,-2.93,-2.85,0,0,,https://www.sports-reference.com/cfb/schools/bucknell/,bucknell
28,Buffalo,1962,2025,36,407,163,239,4,.406,7,4,3,0,.571,-9.74,-7.12,1,1,,https://www.sports-reference.com/cfb/schools/buffalo/,buffalo
29,Butler,1932,1933,2,15,4,10,1,.300,0,0,0,0,,-16.48,-10.26,0,0,,https://www.sports-reference.com/cfb/schools/butler/,butler
30,BYU,1922,2025,101,1108,636,446,26,.586,41,18,22,1,.451,-0.41,-2.92,20,23,,https://www.sports-reference.com/cfb/schools/brigham-young/,brigham-young
31,Cal State Fullerton,1975,1992,18,205,76,127,2,.376,1,0,1,0,.000,-12.72,-7.22,0,2,record adjusted to 79-124-2 by NCAA,https://www.sports-reference.com/cfb/schools/cal-state-fullerton/,cal-state-fullerton
32,Cal State Los Angeles,1969,1971,3,29,3,26,0,.103,0,0,0,0,,-27.59,-9.75,0,0,,https://www.sports-reference.com/cfb/schools/cal-state-los-angeles/,cal-state-los-angeles
33,California,1916,2025,110,1192,607,554,31,.522,26,12,13,1,.481,5.12,3.94,14,13,record adjusted to 604-553-31 by NCAA,https://www.sports-reference.com/cfb/schools/california/,california
34,California-Santa Barbara,1969,1971,3,32,11,21,0,.344,0,0,0,0,,-13.35,-7.22,0,0,,https://www.sports-reference.com/cfb/schools/california-santa-barbara/,california-santa-barbara
35,Camp Grant,1943,1943,1,10,2,6,2,.300,0,0,0,0,,8.98,14.38,0,0,,https://www.sports-reference.com/cfb/schools/camp-grant/,camp-grant
36,Carlisle,1896,1917,21,252,165,77,10,.675,0,0,0,0,,8.26,0.94,0,0,,https://www.sports-reference.com/cfb/schools/carlisle/,carlisle
37,Carnegie Mellon,1910,1940,20,172,84,75,13,.526,1,0,1,0,.000,4.03,1.50,1,0,,https://www.sports-reference.com/cfb/schools/carnegie-mellon/,carnegie-mellon
38,Centenary (LA),1930,1941,12,131,69,48,14,.580,1,0,0,1,.500,0.22,-1.79,0,0,,https://www.sports-reference.com/cfb/schools/centenary-la/,centenary-la
39,Central Michigan,1975,2025,51,590,312,267,11,.538,13,4,9,0,.308,-6.62,-7.63,1,7,,https://www.sports-reference.com/cfb/schools/central-michigan/,central-michigan
40,Centre,1919,1935,8,74,51,20,3,.709,3,2,1,0,.667,9.14,-0.02,0,0,,https://www.sports-reference.com/cfb/schools/centre/,centre
41,Charlotte,2015,2025,11,125,38,87,0,.304,1,0,1,0,.000,-13.57,-5.03,0,0,,https://www.sports-reference.com/cfb/schools/charlotte/,charlotte
42,Chattanooga,1909,1981,22,218,105,100,13,.511,0,0,0,0,,-5.92,-6.18,0,3,,https://www.sports-reference.com/cfb/schools/chattanooga/,chattanooga
43,Chicago,1892,1939,48,466,287,147,32,.650,0,0,0,0,,7.28,2.92,0,7,,https://www.sports-reference.com/cfb/schools/chicago/,chicago
44,Cincinnati,1954,2025,72,813,409,392,12,.510,19,8,11,0,.421,-2.03,-2.15,8,10,,https://www.sports-reference.com/cfb/schools/cincinnati/,cincinnati
45,Clemson,1902,2025,124,1311,793,474,44,.622,51,27,24,0,.529,5.86,1.80,38,24,,https://www.sports-reference.com/cfb/schools/clemson/,clemson
46,Coast Guard,1944,1945,2,17,6,10,1,.382,0,0,0,0,,-4.68,-1.10,0,0,,https://www.sports-reference.com/cfb/schools/coast-guard/,coast-guard
47,Coastal Carolina,2017,2025,9,110,64,46,0,.582,5,2,3,0,.400,-3.43,-4.75,1,1,,https://www.sports-reference.com/cfb/schools/coastal-carolina/,coastal-carolina
48,Coe,1905,1905,1,9,1,7,1,.167,0,0,0,0,,-18.57,-4.35,0,0,,https://www.sports-reference.com/cfb/schools/coe/,coe
49,Colby,1904,1904,1,7,2,4,1,.357,0,0,0,0,,-5.30,1.55,0,0,,https://www.sports-reference.com/cfb/schools/colby/,colby
50,Colgate,1905,1981,76,670,363,266,41,.572,0,0,0,0,,-0.87,-4.01,0,0,,https://www.sports-reference.com/cfb/schools/colgate/,colgate
51,Colorado,1902,2025,124,1246,682,528,35,.562,31,12,19,0,.387,3.87,1.48,20,19,,https://www.sports-reference.com/cfb/schools/colorado/,colorado
52,Colorado College,1902,1945,39,296,169,109,18,.601,0,0,0,0,,-1.27,-4.88,1,2,,https://www.sports-reference.com/cfb/schools/colorado-college/,colorado-college
53,Colorado Mines,1902,1937,36,239,98,128,13,.437,0,0,0,0,,-6.56,-4.56,0,3,,https://www.sports-reference.com/cfb/schools/colorado-mines/,colorado-mines
54,Colorado State,1902,2025,118,1177,541,605,31,.473,18,6,12,0,.333,-4.09,-2.97,3,15,record adjusted to 542-604-31 by NCAA,https://www.sports-reference.com/cfb/schools/colorado-state/,colorado-state
55,Columbia,1870,1981,84,699,282,382,35,.428,1,1,0,0,1.000,-4.55,-1.67,2,1,,https://www.sports-reference.com/cfb/schools/columbia/,columbia
56,Connecticut,1979,2025,27,314,130,182,2,.417,8,4,4,0,.500,-6.09,-2.90,0,2,,https://www.sports-reference.com/cfb/schools/connecticut/,connecticut
57,Cornell,1888,1981,93,837,488,317,32,.602,0,0,0,0,,2.20,-2.18,5,1,,https://www.sports-reference.com/cfb/schools/cornell/,cornell
58,Cornell College,1903,1903,1,9,1,8,0,.111,0,0,0,0,,-14.48,-2.14,0,0,,https://www.sports-reference.com/cfb/schools/cornell-college/,cornell-college
59,Creighton,1927,1942,16,139,61,70,8,.468,0,0,0,0,,-6.26,-5.08,0,1,,https://www.sports-reference.com/cfb/schools/creighton/,creighton
60,Cumberland,1903,1905,2,13,7,5,1,.577,0,0,0,0,,5.07,-0.79,0,0,,https://www.sports-reference.com/cfb/schools/cumberland/,cumberland
61,Dartmouth,1881,1981,93,795,502,258,35,.653,0,0,0,0,,3.50,-2.81,5,12,,https://www.sports-reference.com/cfb/schools/dartmouth/,dartmouth
62,Davidson,1902,1973,66,600,248,312,40,.447,1,0,1,0,.000,-7.33,-5.96,0,1,,https://www.sports-reference.com/cfb/schools/davidson/,davidson
63,Dayton,1956,1976,21,216,78,130,8,.380,0,0,0,0,,-13.09,-8.45,0,0,,https://www.sports-reference.com/cfb/schools/dayton/,dayton
64,Del Monte Pre-Flight,1943,1943,1,8,7,1,0,.875,0,0,0,0,,12.87,-6.25,1,0,,https://www.sports-reference.com/cfb/schools/del-monte-pre-flight/,del-monte-pre-flight
65,Delaware,2025,2025,1,10,5,5,0,.500,,,,,,-9.00,-7.60,0,0,,https://www.sports-reference.com/cfb/schools/delaware/,delaware
66,Denver,1902,1960,59,520,259,228,33,.530,2,0,2,0,.000,-4.08,-4.86,0,6,,https://www.sports-reference.com/cfb/schools/denver/,denver
67,Detroit Mercy,1927,1964,36,338,196,132,10,.595,0,0,0,0,,0.21,-4.25,0,3,,https://www.sports-reference.com/cfb/schools/detroit-mercy/,detroit-mercy
68,Dickinson,1889,1910,18,173,84,79,10,.514,0,0,0,0,,-3.19,-3.54,0,0,,https://www.sports-reference.com/cfb/schools/dickinson/,dickinson
69,Drake,1900,1985,73,666,316,326,24,.492,3,2,1,0,.667,-5.60,-5.70,0,7,,https://www.sports-reference.com/cfb/schools/drake/,drake
70,Drury,1907,1907,1,5,1,4,0,.200,0,0,0,0,,-13.17,-3.97,0,0,,https://www.sports-reference.com/cfb/schools/drury/,drury
71,Duke,1922,2025,104,1116,531,557,28,.488,17,8,9,0,.471,2.65,2.67,16,17,,https://www.sports-reference.com/cfb/schools/duke/,duke
72,Duquesne,1933,1950,14,132,80,49,3,.617,1,1,0,0,1.000,1.04,-2.38,3,0,,https://www.sports-reference.com/cfb/schools/duquesne/,duquesne
73,East Carolina,1965,2025,61,700,359,338,3,.515,18,9,9,0,.500,-2.53,-2.75,2,6,record adjusted to 360-337-3 by NCAA,https://www.sports-reference.com/cfb/schools/east-carolina/,east-carolina
74,East Tennessee State,1979,1981,3,33,15,18,0,.455,0,0,0,0,,-9.46,-8.43,0,0,,https://www.sports-reference.com/cfb/schools/east-tennessee-state/,east-tennessee-state
75,Eastern Michigan,1975,2025,51,579,192,380,7,.338,7,2,5,0,.286,-13.90,-7.27,0,1,,https://www.sports-reference.com/cfb/schools/eastern-michigan/,eastern-michigan
76,Erskine,1919,1936,5,39,12,27,0,.308,0,0,0,0,,-13.04,-5.98,0,0,,https://www.sports-reference.com/cfb/schools/erskine/,erskine
77,Florida,1911,2025,113,1229,744,448,37,.620,49,25,24,0,.510,8.88,4.37,34,9,,https://www.sports-reference.com/cfb/schools/florida/,florida
78,Florida A&M,2004,2004,1,11,3,8,0,.273,0,0,0,0,,-21.65,-12.38,0,0,,https://www.sports-reference.com/cfb/schools/florida-am/,florida-am
79,Florida Atlantic,2004,2025,22,262,112,152,0,.424,5,4,1,0,.800,-7.75,-4.92,0,3,,https://www.sports-reference.com/cfb/schools/florida-atlantic/,florida-atlantic
80,Florida International,2004,2025,22,257,90,167,0,.350,5,2,3,0,.400,-12.27,-6.56,0,1,,https://www.sports-reference.com/cfb/schools/florida-international/,florida-international
81,Florida State,1954,2025,72,854,563,275,16,.669,49,29,18,2,.612,10.63,3.90,35,16,record adjusted to 552-274-16 by NCAA,https://www.sports-reference.com/cfb/schools/florida-state/,florida-state
82,Fordham,1909,1954,25,213,126,70,17,.631,2,1,1,0,.500,3.60,-1.08,6,0,,https://www.sports-reference.com/cfb/schools/fordham/,fordham
83,Fort Benning,1922,1922,1,10,5,5,0,.500,0,0,0,0,,-6.13,-4.03,0,0,,https://www.sports-reference.com/cfb/schools/fort-benning/,fort-benning
84,Fort Riley,1943,1943,1,9,6,2,1,.722,0,0,0,0,,10.37,1.81,0,0,,https://www.sports-reference.com/cfb/schools/fort-riley/,fort-riley
85,Fort Warren,1944,1944,1,10,5,4,1,.550,0,0,0,0,,-4.13,-3.83,0,0,,https://www.sports-reference.com/cfb/schools/fort-warren/,fort-warren
86,Franklin & Marshall,1889,1904,7,62,24,31,7,.444,0,0,0,0,,-6.27,-3.24,0,0,,https://www.sports-reference.com/cfb/schools/franklin-marshall/,franklin-marshall
87,Fresno State,1969,2025,57,686,399,283,4,.585,27,14,13,0,.519,-1.71,-5.32,4,13,record adjusted to 402-280-4 by NCAA,https://www.sports-reference.com/cfb/schools/fresno-state/,fresno-state
88,Furman,1902,1981,61,605,297,280,28,.514,0,0,0,0,,-6.16,-6.16,0,3,,https://www.sports-reference.com/cfb/schools/furman/,furman
89,George Washington,1908,1966,33,299,138,147,14,.485,1,1,0,0,1.000,-4.59,-4.24,1,0,,https://www.sports-reference.com/cfb/schools/george-washington/,george-washington
90,Georgetown,1902,1950,36,313,184,110,19,.618,2,0,2,0,.000,2.82,-2.36,1,0,,https://www.sports-reference.com/cfb/schools/georgetown/,georgetown
91,Georgia,1902,2025,122,1335,875,410,50,.674,63,38,22,3,.627,10.75,4.87,43,15,,https://www.sports-reference.com/cfb/schools/georgia/,georgia
92,Georgia Pre-Flight,1942,1943,2,15,12,2,1,.833,0,0,0,0,,11.14,2.27,0,0,,https://www.sports-reference.com/cfb/schools/georgia-pre-flight/,georgia-pre-flight
93,Georgia Southern,2014,2025,12,149,78,71,0,.523,7,3,4,0,.429,-3.22,-4.01,0,1,,https://www.sports-reference.com/cfb/schools/georgia-southern/,georgia-southern
94,Georgia State,2013,2025,13,156,55,101,0,.353,6,4,2,0,.667,-9.27,-3.62,0,0,,https://www.sports-reference.com/cfb/schools/georgia-state/,georgia-state
95,Georgia Tech,1902,2025,124,1332,766,526,40,.590,47,26,21,0,.553,8.27,4.50,24,8,record adjusted to 765-526-40 by NCAA,https://www.sports-reference.com/cfb/schools/georgia-tech/,georgia-tech
96,Gonzaga,1922,1941,16,141,67,63,11,.514,1,0,1,0,.000,-2.55,-4.15,0,0,,https://www.sports-reference.com/cfb/schools/gonzaga/,gonzaga
97,Grambling State,1977,1977,1,11,10,1,0,.909,0,0,0,0,,6.73,-10.00,0,1,,https://www.sports-reference.com/cfb/schools/grambling-state/,grambling-state
98,Great Lakes Navy,1918,1945,5,55,39,11,5,.755,1,1,0,0,1.000,16.37,6.95,2,0,,https://www.sports-reference.com/cfb/schools/great-lakes-navy/,great-lakes-navy
99,Grinnell,1899,1936,26,218,90,110,18,.454,0,0,0,0,,-6.86,-4.63,0,0,,https://www.sports-reference.com/cfb/schools/grinnell/,grinnell
100,Hamilton,1907,1907,1,5,1,4,0,.200,0,0,0,0,,-10.59,3.81,0,0,,https://www.sports-reference.com/cfb/schools/hamilton/,hamilton
101,Hampden-Sydney,1922,1940,5,44,14,29,1,.330,0,0,0,0,,-12.35,-6.01,0,0,,https://www.sports-reference.com/cfb/schools/hampden-sydney/,hampden-sydney
102,Hardin-Simmons,1939,1962,21,218,113,96,9,.539,6,4,2,0,.667,-5.41,-6.96,1,3,,https://www.sports-reference.com/cfb/schools/hardin-simmons/,hardin-simmons
103,Harvard,1875,1981,103,932,631,259,42,.700,1,1,0,0,1.000,4.22,-2.09,0,5,,https://www.sports-reference.com/cfb/schools/harvard/,harvard
104,Haskell,1902,1916,12,110,57,49,4,.536,0,0,0,0,,-1.71,-2.12,0,0,,https://www.sports-reference.com/cfb/schools/haskell/,haskell
105,Haverford,1891,1891,1,6,0,6,0,.000,0,0,0,0,,-23.89,-1.73,0,0,,https://www.sports-reference.com/cfb/schools/haverford/,haverford
106,Hawaii,1971,2025,53,648,323,319,6,.503,14,8,6,0,.571,-3.88,-3.41,2,4,,https://www.sports-reference.com/cfb/schools/hawaii/,hawaii
107,Holy Cross,1899,1981,53,524,264,233,27,.530,1,0,1,0,.000,-2.94,-4.32,5,0,,https://www.sports-reference.com/cfb/schools/holy-cross/,holy-cross
108,Houston,1949,2025,77,870,472,384,15,.551,30,13,16,1,.450,3.08,1.16,15,11,record adjusted to 472-384-14 by NCAA,https://www.sports-reference.com/cfb/schools/houston/,houston
109,Idaho,1917,2017,75,739,261,461,16,.364,3,3,0,0,1.000,-8.52,-3.61,0,1,,https://www.sports-reference.com/cfb/schools/idaho/,idaho
110,Idaho State,1944,1944,1,9,4,5,0,.444,0,0,0,0,,-11.65,-7.09,0,0,,https://www.sports-reference.com/cfb/schools/idaho-state/,idaho-state
111,Illinois,1892,2025,134,1318,639,630,49,.503,21,9,12,0,.429,6.00,5.21,14,15,,https://www.sports-reference.com/cfb/schools/illinois/,illinois
112,Illinois State,1975,1985,11,119,41,73,5,.366,0,0,0,0,,-15.36,-11.09,0,0,,https://www.sports-reference.com/cfb/schools/illinois-state/,illinois-state
113,Indiana,1899,2025,127,1234,504,692,38,.424,14,3,11,0,.214,2.24,4.55,7,2,record adjusted to 505-691-38 by NCAA,https://www.sports-reference.com/cfb/schools/indiana/,indiana
114,Indiana State,1975,1985,11,120,60,59,1,.504,0,0,0,0,,-10.06,-9.71,0,0,,https://www.sports-reference.com/cfb/schools/indiana-state/,indiana-state
115,Iowa,1899,2025,127,1268,677,557,34,.547,37,18,18,1,.500,6.90,5.10,27,11,record adjusted to 678-556-34 by NCAA,https://www.sports-reference.com/cfb/schools/iowa/,iowa
116,Iowa Pre-Flight,1942,1944,3,31,26,5,0,.839,0,0,0,0,,18.05,5.72,2,0,,https://www.sports-reference.com/cfb/schools/iowa-pre-flight/,iowa-pre-flight
117,Iowa State,1895,2025,128,1285,562,678,45,.455,19,6,13,0,.316,0.46,1.51,4,2,record adjusted to 563-677-45 by NCAA,https://www.sports-reference.com/cfb/schools/iowa-state/,iowa-state
118,Jackson State,1977,1977,1,11,8,3,0,.727,0,0,0,0,,-1.31,-10.40,0,0,,https://www.sports-reference.com/cfb/schools/jackson-state/,jackson-state
119,Jacksonville Naval Air Station,1942,1942,1,12,9,3,0,.750,0,0,0,0,,6.46,-3.13,0,0,,https://www.sports-reference.com/cfb/schools/jacksonville-naval-air-station/,jacksonville-naval-air-station
120,Jacksonville State,2023,2025,3,37,25,12,0,.676,2,1,1,,.500,-1.82,-7.56,0,1,,https://www.sports-reference.com/cfb/schools/jacksonville-state/,jacksonville-state
121,James Madison,2022,2025,4,47,37,10,0,.787,2,1,1,,.500,6.74,-4.69,0,0,,https://www.sports-reference.com/cfb/schools/james-madison/,james-madison
122,Kansas,1901,2025,125,1279,557,668,54,.457,14,7,7,0,.500,1.00,2.51,8,5,,https://www.sports-reference.com/cfb/schools/kansas/,kansas
123,Kansas State,1912,2025,114,1192,524,633,35,.454,26,12,14,0,.462,0.08,2.02,15,4,record adjusted to 525-633-34 by NCAA,https://www.sports-reference.com/cfb/schools/kansas-state/,kansas-state
124,Kennesaw State,2024,2025,2,22,9,13,0,.409,,,,,,-10.08,-6.72,0,0,,https://www.sports-reference.com/cfb/schools/kennesaw-state/,kennesaw-state
125,Kent State,1962,2025,64,711,230,475,5,.327,4,1,3,0,.250,-12.54,-6.49,0,1,,https://www.sports-reference.com/cfb/schools/kent-state/,kent-state
126,Kentucky,1915,2025,110,1164,537,591,36,.477,23,12,11,0,.522,3.89,3.99,10,2,record adjusted to 528-590-36 by NCAA,https://www.sports-reference.com/cfb/schools/kentucky/,kentucky
127,Knox,1899,1905,5,52,27,23,2,.538,0,0,0,0,,-1.90,-3.67,0,0,,https://www.sports-reference.com/cfb/schools/knox/,knox
128,Lafayette,1882,1946,47,440,256,160,24,.609,0,0,0,0,,1.07,-2.53,0,0,,https://www.sports-reference.com/cfb/schools/lafayette/,lafayette
129,Lake Forest,1893,1899,5,47,17,24,6,.426,0,0,0,0,,-7.97,-3.29,0,0,,https://www.sports-reference.com/cfb/schools/lake-forest/,lake-forest
130,Lamar,1973,1981,9,97,33,60,4,.361,0,0,0,0,,-12.77,-7.68,0,0,,https://www.sports-reference.com/cfb/schools/lamar/,lamar
131,Lawrence,1905,1905,1,10,7,3,0,.700,0,0,0,0,,3.09,-1.91,0,0,,https://www.sports-reference.com/cfb/schools/lawrence/,lawrence
132,Lehigh,1884,1965,43,412,195,197,20,.498,0,0,0,0,,-2.98,-2.44,0,0,,https://www.sports-reference.com/cfb/schools/lehigh/,lehigh
133,Liberty,2018,2025,8,98,65,33,0,.663,6,3,3,0,.500,-1.84,-7.26,2,1,,https://www.sports-reference.com/cfb/schools/liberty/,liberty
134,Lombard,1903,1903,1,8,5,3,0,.625,0,0,0,0,,-2.35,-2.72,0,0,,https://www.sports-reference.com/cfb/schools/lombard/,lombard
135,Long Beach State,1969,1991,23,257,129,126,2,.506,1,0,0,1,.500,-7.67,-7.16,0,3,record adjusted to 130-125-2 by NCAA,https://www.sports-reference.com/cfb/schools/long-beach-state/,long-beach-state
136,Louisiana,1973,2025,53,616,286,325,5,.468,12,7,5,0,.583,-8.01,-5.82,2,6,record adjusted to 264-325-5 by NCAA,https://www.sports-reference.com/cfb/schools/louisiana-lafayette/,louisiana-lafayette
137,Louisiana Tech,1975,2025,45,529,263,259,7,.504,14,8,5,1,.607,-4.57,-4.84,0,4,record adjusted to 264-258-7 by NCAA,https://www.sports-reference.com/cfb/schools/louisiana-tech/,louisiana-tech
138,Louisiana-Monroe,1975,2025,39,450,157,291,2,.351,1,0,1,0,.000,-11.50,-5.05,0,1,,https://www.sports-reference.com/cfb/schools/louisiana-monroe/,louisiana-monroe
139,Louisville,1962,2025,64,741,401,333,7,.546,26,12,13,1,.481,-0.10,-1.57,12,8,record adjusted to 403-331-7 by NCAA,https://www.sports-reference.com/cfb/schools/louisville/,louisville
140,Loyola (LA),1934,1936,3,28,10,17,1,.375,0,0,0,0,,-6.61,-3.13,0,0,,https://www.sports-reference.com/cfb/schools/loyola-la/,loyola-la
141,Loyola Marymount,1933,1951,13,127,66,57,4,.535,0,0,0,0,,-2.09,-4.02,0,0,,https://www.sports-reference.com/cfb/schools/loyola-marymount/,loyola-marymount
142,LSU,1902,2025,121,1304,828,429,47,.653,56,31,24,1,.563,10.01,4.56,44,12,record adjusted to 793-425-47 by NCAA,https://www.sports-reference.com/cfb/schools/louisiana-state/,louisiana-state
143,Lubbock Field,1944,1944,1,9,5,4,0,.556,0,0,0,0,,-1.45,-3.01,0,0,,https://www.sports-reference.com/cfb/schools/lubbock-field/,lubbock-field
144,Maine,1904,1905,2,16,8,7,1,.531,0,0,0,0,,-0.56,-0.88,0,0,,https://www.sports-reference.com/cfb/schools/maine/,maine
145,Manhattan,1936,1942,7,63,30,31,2,.492,0,0,0,0,,-0.84,0.07,0,0,,https://www.sports-reference.com/cfb/schools/manhattan/,manhattan
146,March Field,1943,1944,2,21,16,3,2,.810,0,0,0,0,,5.33,-5.69,2,0,,https://www.sports-reference.com/cfb/schools/march-field/,march-field
147,Mare Island Marines,1917,1918,2,19,18,1,0,.947,2,1,1,0,.500,13.72,-5.57,0,0,,https://www.sports-reference.com/cfb/schools/mare-island-marines/,mare-island-marines
148,Marquette,1927,1960,34,306,131,160,15,.453,1,0,1,0,.000,-0.76,0.34,1,0,,https://www.sports-reference.com/cfb/schools/marquette/,marquette
149,Marshall,1962,2025,49,571,276,292,3,.486,19,13,6,0,.684,-7.43,-5.84,3,7,,https://www.sports-reference.com/cfb/schools/marshall/,marshall
150,Maryland,1917,2025,109,1171,593,548,30,.519,30,14,14,2,.500,2.45,1.86,18,11,,https://www.sports-reference.com/cfb/schools/maryland/,maryland
151,Maryville (TN),1906,1907,2,13,3,8,2,.308,0,0,0,0,,-9.89,0.71,0,0,,https://www.sports-reference.com/cfb/schools/maryville-tn/,maryville-tn
152,Massachusetts,1882,2025,28,274,73,195,6,.277,0,0,0,0,,-11.95,-3.78,0,0,,https://www.sports-reference.com/cfb/schools/massachusetts/,massachusetts
153,McNeese State,1975,1981,7,80,57,21,2,.725,3,1,2,0,.333,-1.17,-7.87,0,3,,https://www.sports-reference.com/cfb/schools/mcneese-state/,mcneese-state
154,Memphis,1960,2025,66,747,376,363,8,.509,16,8,8,0,.500,-0.62,-1.72,4,5,record adjusted to 377-362-8 by NCAA,https://www.sports-reference.com/cfb/schools/memphis/,memphis
155,Mercer,1909,1936,15,138,55,74,9,.431,0,0,0,0,,-3.92,-2.03,0,0,,https://www.sports-reference.com/cfb/schools/mercer/,mercer
156,Merchant Marine,1945,1947,3,30,11,19,0,.367,0,0,0,0,,-13.91,-8.35,0,0,,https://www.sports-reference.com/cfb/schools/merchant-marine/,merchant-marine
157,Miami (FL),1936,2025,89,1002,632,358,12,.637,43,19,24,0,.442,8.85,3.55,34,9,,https://www.sports-reference.com/cfb/schools/miami-fl/,miami-fl
158,Miami (OH),1962,2025,64,724,398,311,15,.560,14,7,7,0,.500,-3.62,-5.88,4,11,record adjusted to 399-310-15 by NCAA,https://www.sports-reference.com/cfb/schools/miami-oh/,miami-oh
159,Michigan,1881,2025,136,1381,994,352,35,.732,53,24,29,0,.453,13.80,5.09,64,45,,https://www.sports-reference.com/cfb/schools/michigan/,michigan
160,Michigan State,1918,2025,101,1064,615,419,30,.592,30,14,16,0,.467,8.75,4.87,28,9,record adjusted to 596-424-30 by NCAA,https://www.sports-reference.com/cfb/schools/michigan-state/,michigan-state
161,Middle Tennessee State,1999,2025,27,325,151,174,0,.465,10,4,6,0,.400,-7.58,-5.86,0,2,,https://www.sports-reference.com/cfb/schools/middle-tennessee-state/,middle-tennessee-state
162,Millsaps,1924,1924,1,9,3,5,1,.389,0,0,0,0,,-10.12,-7.78,0,0,,https://www.sports-reference.com/cfb/schools/millsaps/,millsaps
163,Minnesota,1892,2025,134,1315,731,543,42,.571,25,13,12,0,.520,8.16,4.83,15,18,,https://www.sports-reference.com/cfb/schools/minnesota/,minnesota
164,Mississippi College,1911,1924,10,81,38,37,6,.506,0,0,0,0,,-3.35,-2.44,0,0,,https://www.sports-reference.com/cfb/schools/mississippi-college/,mississippi-college
165,Mississippi State,1902,2025,121,1242,610,595,37,.506,26,15,11,0,.577,3.42,3.12,15,1,record adjusted to 593-613-36 by NCAA,https://www.sports-reference.com/cfb/schools/mississippi-state/,mississippi-state
166,Mississippi Valley State,1977,1977,1,10,5,5,0,.500,0,0,0,0,,-11.39,-10.79,0,0,,https://www.sports-reference.com/cfb/schools/mississippi-valley-state/,mississippi-valley-state
167,Missouri,1901,2025,124,1293,680,564,50,.545,37,17,20,0,.459,4.93,3.22,20,12,record adjusted to 673-562-50 by NCAA,https://www.sports-reference.com/cfb/schools/missouri/,missouri
168,Missouri State,2025,2025,1,10,7,3,0,.700,,,,,,-2.56,-4.96,0,0,,https://www.sports-reference.com/cfb/schools/missouri-state/,missouri-state
169,MIT,1882,1899,12,77,27,48,2,.364,0,0,0,0,,-5.20,0.64,0,0,,https://www.sports-reference.com/cfb/schools/mit/,mit
170,Montana,1917,1962,38,332,123,199,10,.386,0,0,0,0,,-8.86,-4.60,0,0,,https://www.sports-reference.com/cfb/schools/montana/,montana
171,Montana State,1923,1947,17,140,65,66,9,.496,1,0,0,1,.500,-7.34,-6.98,0,2,,https://www.sports-reference.com/cfb/schools/montana-state/,montana-state
172,Nashville,1904,1904,1,9,1,7,1,.167,0,0,0,0,,-6.15,4.40,0,0,,https://www.sports-reference.com/cfb/schools/nashville/,nashville
173,Navy,1891,2025,132,1361,723,586,52,.550,25,13,11,1,.540,3.86,1.33,14,0,,https://www.sports-reference.com/cfb/schools/navy/,navy
174,Nebraska,1900,2025,126,1341,896,408,38,.682,54,27,27,0,.500,10.45,3.73,48,43,record adjusted to 897-408-37 by NCAA,https://www.sports-reference.com/cfb/schools/nebraska/,nebraska
175,Nevada,1946,2025,39,462,237,225,0,.513,19,7,12,0,.368,-4.58,-5.42,1,7,,https://www.sports-reference.com/cfb/schools/nevada/,nevada
176,Nevada-Las Vegas,1978,2025,48,558,218,337,3,.393,6,4,2,0,.667,-8.78,-3.96,1,1,record adjusted to 200-355-3 by NCAA,https://www.sports-reference.com/cfb/schools/nevada-las-vegas/,nevada-las-vegas
177,New Hampshire,1904,1905,2,15,4,9,2,.333,0,0,0,0,,-10.04,-4.12,0,0,,https://www.sports-reference.com/cfb/schools/new-hampshire/,new-hampshire
178,New Mexico,1931,2025,94,1025,423,586,17,.421,12,4,7,1,.375,-6.95,-4.06,0,4,,https://www.sports-reference.com/cfb/schools/new-mexico/,new-mexico
179,New Mexico State,1931,2025,92,983,342,627,14,.355,6,4,1,1,.750,-13.19,-7.71,1,4,record adjusted to 343-626-14 by NCAA,https://www.sports-reference.com/cfb/schools/new-mexico-state/,new-mexico-state
180,New York University,1927,1952,24,205,97,99,9,.495,0,0,0,0,,-4.24,-3.23,0,0,,https://www.sports-reference.com/cfb/schools/new-york-university/,new-york-university
181,Newberry,1914,1925,11,86,34,48,4,.419,0,0,0,0,,-9.95,-5.22,0,0,,https://www.sports-reference.com/cfb/schools/newberry/,newberry
182,Norman Naval Air Station,1944,1944,1,6,6,0,0,1.000,0,0,0,0,,18.01,3.51,1,0,,https://www.sports-reference.com/cfb/schools/norman-naval-air-station/,norman-naval-air-station
183,North Carolina,1902,2025,122,1297,695,554,48,.554,39,15,24,0,.385,4.64,2.76,17,7,record adjusted to 679-554-48 by NCAA,https://www.sports-reference.com/cfb/schools/north-carolina/,north-carolina
184,North Carolina Pre-Flight,1942,1943,2,18,10,6,2,.611,0,0,0,0,,3.20,2.00,0,0,,https://www.sports-reference.com/cfb/schools/north-carolina-pre-flight/,north-carolina-pre-flight
185,North Carolina State,1902,2025,120,1262,625,591,46,.513,36,17,18,1,.486,1.74,1.39,15,7,,https://www.sports-reference.com/cfb/schools/north-carolina-state/,north-carolina-state
186,North Texas,1953,2025,61,681,299,373,11,.446,13,2,11,0,.154,-7.55,-5.15,0,9,record adjusted to 302-370-11 by NCAA,https://www.sports-reference.com/cfb/schools/north-texas/,north-texas
187,Northern Arizona,1931,1952,19,152,49,91,12,.362,0,0,0,0,,-17.76,-11.75,0,0,,https://www.sports-reference.com/cfb/schools/northern-arizona/,northern-arizona
188,Northern Colorado,1923,1937,15,115,51,57,7,.474,0,0,0,0,,-10.73,-9.63,0,1,,https://www.sports-reference.com/cfb/schools/northern-colorado/,northern-colorado
189,Northern Illinois,1968,2025,58,673,324,345,4,.484,16,6,10,0,.375,-7.94,-6.72,1,6,,https://www.sports-reference.com/cfb/schools/northern-illinois/,northern-illinois
190,Northwestern,1892,2025,132,1314,566,708,40,.446,17,7,10,0,.412,2.81,5.40,13,8,record adjusted to 567-707-40 by NCAA,https://www.sports-reference.com/cfb/schools/northwestern/,northwestern
191,Northwestern State,1976,1979,4,41,19,22,0,.463,0,0,0,0,,-12.36,-8.13,0,0,,https://www.sports-reference.com/cfb/schools/northwestern-state/,northwestern-state
192,Notre Dame,1899,2025,119,1273,914,327,33,.730,46,24,22,0,.522,14.87,6.06,60,0,record adjusted to 893-327-33 by NCAA,https://www.sports-reference.com/cfb/schools/notre-dame/,notre-dame
193,Oglethorpe,1919,1925,7,69,31,35,3,.471,0,0,0,0,,-3.68,-1.98,0,0,,https://www.sports-reference.com/cfb/schools/oglethorpe/,oglethorpe
194,Ohio,1962,2025,64,726,330,387,9,.461,16,8,8,0,.500,-8.07,-6.62,1,4,,https://www.sports-reference.com/cfb/schools/ohio/,ohio
195,Ohio State,1904,2025,114,1184,880,268,36,.758,60,31,29,0,.517,15.44,5.96,64,40,record adjusted to 868-267-36 by NCAA,https://www.sports-reference.com/cfb/schools/ohio-state/,ohio-state
196,Oklahoma,1903,2025,117,1282,905,330,47,.724,58,31,26,1,.543,12.35,3.62,62,49,,https://www.sports-reference.com/cfb/schools/oklahoma/,oklahoma
197,Oklahoma State,1914,2025,112,1202,608,553,41,.523,34,22,12,0,.647,2.56,2.01,17,10,,https://www.sports-reference.com/cfb/schools/oklahoma-state/,oklahoma-state
198,Old Dominion,2014,2025,12,133,58,75,0,.436,3,1,2,0,.333,-7.02,-4.03,0,0,,https://www.sports-reference.com/cfb/schools/old-dominion/,old-dominion
199,Ole Miss,1902,2025,120,1265,699,532,34,.566,42,27,15,0,.643,5.17,2.86,28,6,record adjusted to 670-528-34 by NCAA,https://www.sports-reference.com/cfb/schools/mississippi/,mississippi
200,Oregon,1916,2025,108,1154,649,471,34,.577,38,17,21,0,.447,5.91,3.29,21,14,record adjusted to 650-470-34 by NCAA,https://www.sports-reference.com/cfb/schools/oregon/,oregon
201,Oregon State,1916,2025,108,1141,499,606,36,.453,18,10,8,0,.556,1.64,3.45,11,5,record adjusted to 503-602-36 by NCAA,https://www.sports-reference.com/cfb/schools/oregon-state/,oregon-state
202,Pacific,1943,1995,47,498,209,280,9,.429,2,1,1,0,.500,-7.80,-5.74,1,0,record adjusted to 211-278-9 by NCAA,https://www.sports-reference.com/cfb/schools/pacific/,pacific
203,Penn State,1889,2025,132,1372,925,410,37,.688,56,33,21,2,.607,9.38,2.35,46,4,,https://www.sports-reference.com/cfb/schools/penn-state/,penn-state
204,Pennsylvania,1876,1981,105,1027,618,369,40,.621,1,0,1,0,.000,3.33,-0.42,7,1,,https://www.sports-reference.com/cfb/schools/pennsylvania/,pennsylvania
205,Phillips,1920,1921,2,19,7,8,4,.474,0,0,0,0,,-6.92,-5.01,0,0,,https://www.sports-reference.com/cfb/schools/phillips/,phillips
206,Pitt,1905,2025,121,1280,726,517,37,.582,38,15,23,0,.395,7.14,4.07,21,3,record adjusted to 727-516-37 by NCAA,https://www.sports-reference.com/cfb/schools/pittsburgh/,pittsburgh
207,Portland,1946,1947,2,19,3,15,1,.184,0,0,0,0,,-21.01,-10.83,0,0,,https://www.sports-reference.com/cfb/schools/portland/,portland
208,Prairie View A&M,1977,1977,1,11,3,8,0,.273,0,0,0,0,,-19.35,-10.35,0,0,,https://www.sports-reference.com/cfb/schools/prairie-view-am/,prairie-view-am
209,Presbyterian,1915,1945,16,127,58,63,6,.480,0,0,0,0,,-5.56,-4.99,0,0,,https://www.sports-reference.com/cfb/schools/presbyterian/,presbyterian
210,Princeton,1869,1981,109,918,637,233,48,.720,0,0,0,0,,6.03,-1.29,4,5,,https://www.sports-reference.com/cfb/schools/princeton/,princeton
211,Purdue,1892,2025,134,1294,633,613,48,.508,21,11,10,0,.524,5.42,4.60,16,8,record adjusted to 634-612-48 by NCAA,https://www.sports-reference.com/cfb/schools/purdue/,purdue
212,Quantico Marines,1965,1965,1,10,6,4,0,.600,0,0,0,0,,-6.22,-12.12,0,0,,https://www.sports-reference.com/cfb/schools/quantico-marines/,quantico-marines
213,Randolph Field,1944,1944,1,12,12,0,0,1.000,0,0,0,0,,16.14,-5.11,1,0,,https://www.sports-reference.com/cfb/schools/randolph-field/,randolph-field
214,Regis (CO),1924,1930,3,25,9,16,0,.360,0,0,0,0,,-12.84,-8.99,0,0,,https://www.sports-reference.com/cfb/schools/regis-co/,regis-co
215,Rhodes,1939,1939,1,9,3,5,1,.389,0,0,0,0,,-5.39,-2.50,0,0,,https://www.sports-reference.com/cfb/schools/rhodes/,rhodes
216,Rice,1914,2025,112,1188,493,664,32,.428,14,7,7,0,.500,-0.69,2.21,7,8,record adjusted to 494-663-32 by NCAA,https://www.sports-reference.com/cfb/schools/rice/,rice
217,Richmond,1909,1983,58,565,233,305,27,.436,2,1,1,0,.500,-8.46,-6.07,0,4,,https://www.sports-reference.com/cfb/schools/richmond/,richmond
218,Rutgers,1869,2025,111,1060,511,527,22,.492,13,7,6,0,.538,-2.98,-2.55,3,1,record adjusted to 512-526-22 by NCAA,https://www.sports-reference.com/cfb/schools/rutgers/,rutgers
219,Saint Louis,1907,1949,18,173,82,78,13,.512,0,0,0,0,,-6.36,-6.99,0,0,,https://www.sports-reference.com/cfb/schools/saint-louis/,saint-louis
220,Saint Mary's (CA),1930,1950,20,182,101,70,11,.585,3,1,2,0,.333,2.63,0.03,1,0,,https://www.sports-reference.com/cfb/schools/saint-marys-ca/,saint-marys-ca
221,Saint Mary's (CA) Pre-Flight,1942,1944,3,26,13,11,2,.538,0,0,0,0,,2.43,-1.77,1,0,,https://www.sports-reference.com/cfb/schools/saint-marys-ca-pre-flight/,saint-marys-ca-pre-flight
222,Sam Houston,2023,2025,3,35,15,20,0,.429,1,1,0,,1.000,-10.03,-5.45,0,0,,https://www.sports-reference.com/cfb/schools/sam-houston-state/,sam-houston-state
223,Samford,1907,1924,11,95,27,57,11,.342,0,0,0,0,,-8.87,-2.41,0,0,,https://www.sports-reference.com/cfb/schools/samford/,samford
224,San Diego State,1969,2025,57,674,371,295,8,.556,16,7,9,0,.438,-0.24,-2.14,3,9,record adjusted to 373-293-8 by NCAA,https://www.sports-reference.com/cfb/schools/san-diego-state/,san-diego-state
225,San Francisco,1932,1951,18,163,77,76,10,.503,0,0,0,0,,-0.90,-2.32,1,0,,https://www.sports-reference.com/cfb/schools/san-francisco/,san-francisco
226,San Jose State,1950,2025,76,845,374,457,14,.451,12,5,7,0,.417,-5.55,-3.51,2,9,record adjusted to 372-460-13 by NCAA,https://www.sports-reference.com/cfb/schools/san-jose-state/,san-jose-state
227,Santa Clara,1932,1952,18,163,98,54,11,.635,3,3,0,0,1.000,6.34,2.58,6,0,,https://www.sports-reference.com/cfb/schools/santa-clara/,santa-clara
228,Second Air Force,1944,1944,1,15,10,4,1,.700,0,0,0,0,,12.44,-1.42,1,0,,https://www.sports-reference.com/cfb/schools/second-air-force/,second-air-force
229,Sewanee,1902,1941,40,339,161,155,23,.509,0,0,0,0,,0.56,0.28,0,0,,https://www.sports-reference.com/cfb/schools/sewanee/,sewanee
230,Simpson,1902,1903,2,10,3,7,0,.300,0,0,0,0,,-5.53,1.87,0,0,,https://www.sports-reference.com/cfb/schools/simpson/,simpson
231,SMU,1916,2025,108,1173,552,567,54,.494,20,7,12,1,.375,2.30,2.48,13,11,record adjusted to 548-561-54 by NCAA,https://www.sports-reference.com/cfb/schools/southern-methodist/,southern-methodist
232,South Alabama,2012,2025,14,171,70,101,0,.409,5,2,3,0,.400,-7.12,-4.34,0,0,,https://www.sports-reference.com/cfb/schools/south-alabama/,south-alabama
233,South Carolina,1903,2025,118,1245,613,591,41,.509,26,10,16,0,.385,2.28,1.96,11,1,record adjusted to 614-590-41 by NCAA,https://www.sports-reference.com/cfb/schools/south-carolina/,south-carolina
234,South Florida,2000,2025,26,312,162,150,0,.519,12,8,4,0,.667,-0.85,-1.76,2,0,,https://www.sports-reference.com/cfb/schools/south-florida/,south-florida
235,Southern,1977,1977,1,11,3,7,1,.318,0,0,0,0,,-15.39,-9.12,0,0,,https://www.sports-reference.com/cfb/schools/southern/,southern
236,Southern Illinois,1972,1985,14,156,68,85,3,.446,0,0,0,0,,-11.97,-9.54,0,0,,https://www.sports-reference.com/cfb/schools/southern-illinois/,southern-illinois
237,Southern Mississippi,1963,2025,63,726,388,332,6,.539,23,12,11,0,.522,-0.66,-2.05,3,5,record adjusted to 390-330-6 by NCAA,https://www.sports-reference.com/cfb/schools/southern-mississippi/,southern-mississippi
238,Southwestern (TX),1910,1921,12,78,23,49,6,.333,0,0,0,0,,-7.04,-1.44,0,0,,https://www.sports-reference.com/cfb/schools/southwestern-tx/,southwestern-tx
239,Spring Hill,1919,1922,3,23,11,11,1,.500,0,0,0,0,,-3.17,-2.11,0,0,,https://www.sports-reference.com/cfb/schools/spring-hill/,spring-hill
240,Springfield,1891,1892,2,21,9,11,1,.452,0,0,0,0,,-0.79,0.43,0,0,,https://www.sports-reference.com/cfb/schools/springfield/,springfield
241,Stanford,1918,2025,105,1131,602,495,34,.547,29,15,13,1,.534,6.22,4.87,20,14,,https://www.sports-reference.com/cfb/schools/stanford/,stanford
242,Stevens,1872,1891,19,123,36,74,13,.346,0,0,0,0,,-4.24,-0.35,0,0,,https://www.sports-reference.com/cfb/schools/stevens/,stevens
243,Swarthmore,1888,1912,8,65,40,24,1,.623,0,0,0,0,,3.68,-0.98,0,0,,https://www.sports-reference.com/cfb/schools/swarthmore/,swarthmore
244,Syracuse,1899,2025,124,1289,711,537,41,.567,29,17,11,1,.603,4.07,1.31,16,5,record adjusted to 700-537-41 by NCAA,https://www.sports-reference.com/cfb/schools/syracuse/,syracuse
245,Tampa,1966,1974,7,73,43,30,0,.589,1,1,0,0,1.000,-3.53,-7.13,0,0,,https://www.sports-reference.com/cfb/schools/tampa/,tampa
246,Temple,1930,2025,78,832,348,458,26,.434,9,3,6,0,.333,-3.48,-1.02,1,1,record adjusted to 343-463-26 by NCAA,https://www.sports-reference.com/cfb/schools/temple/,temple
247,Tennessee,1902,2025,121,1321,868,402,51,.676,57,31,26,0,.544,10.10,3.60,47,13,record adjusted to 858-402-50 by NCAA,https://www.sports-reference.com/cfb/schools/tennessee/,tennessee
248,Tennessee Medical College,1904,1904,1,6,2,4,0,.333,0,0,0,0,,-9.28,2.06,0,0,,https://www.sports-reference.com/cfb/schools/tennessee-medical-college/,tennessee-medical-college
249,Tennessee State,1977,1977,1,10,8,1,1,.850,0,0,0,0,,3.58,-8.72,0,0,,https://www.sports-reference.com/cfb/schools/tennessee-state/,tennessee-state
250,Texas,1902,2025,124,1337,917,388,32,.698,62,33,27,2,.548,11.96,4.20,52,31,record adjusted to 918-388-31 by NCAA,https://www.sports-reference.com/cfb/schools/texas/,texas
251,Texas A&M,1903,2025,123,1314,774,496,44,.606,44,20,24,0,.455,8.09,3.34,28,18,,https://www.sports-reference.com/cfb/schools/texas-am/,texas-am
252,Texas Christian,1903,2025,120,1291,679,562,50,.545,37,19,17,1,.527,2.97,1.86,21,17,record adjusted to 679-561-50 by NCAA,https://www.sports-reference.com/cfb/schools/texas-christian/,texas-christian
253,Texas Southern,1977,1977,1,11,6,4,1,.591,0,0,0,0,,-5.98,-9.98,0,0,,https://www.sports-reference.com/cfb/schools/texas-southern/,texas-southern
254,Texas State,2012,2025,14,168,60,108,0,.357,2,2,0,0,1.000,-9.72,-4.92,0,0,,https://www.sports-reference.com/cfb/schools/texas-state/,texas-state
255,Texas Tech,1932,2025,94,1069,584,461,24,.558,42,17,24,1,.417,4.18,2.00,11,11,,https://www.sports-reference.com/cfb/schools/texas-tech/,texas-tech
256,Texas-Arlington,1971,1981,11,120,49,71,0,.408,0,0,0,0,,-9.71,-6.19,0,1,,https://www.sports-reference.com/cfb/schools/texas-arlington/,texas-arlington
257,The Citadel,1909,1981,65,609,284,304,21,.484,1,1,0,0,1.000,-7.47,-6.72,0,1,,https://www.sports-reference.com/cfb/schools/citadel/,citadel
258,Toledo,1962,2025,64,736,434,294,8,.595,22,12,10,0,.545,-3.84,-7.04,4,12,record adjusted to 436-292-8 by NCAA,https://www.sports-reference.com/cfb/schools/toledo/,toledo
259,Trinity (CT),1887,1901,15,126,50,62,14,.452,0,0,0,0,,-4.52,-2.66,0,0,,https://www.sports-reference.com/cfb/schools/trinity-ct/,trinity-ct
260,Troy,2001,2025,25,306,169,137,0,.552,10,6,4,0,.600,-3.28,-4.86,1,8,,https://www.sports-reference.com/cfb/schools/troy/,troy
261,Tufts,1877,1905,17,178,70,103,5,.407,0,0,0,0,,-6.06,-2.49,0,0,,https://www.sports-reference.com/cfb/schools/tufts/,tufts
262,Tulane,1902,2025,121,1250,557,658,35,.460,17,7,10,0,.412,0.49,1.79,8,5,record adjusted to 556-659-35 by NCAA,https://www.sports-reference.com/cfb/schools/tulane/,tulane
263,Tulsa,1917,2025,94,1032,517,497,18,.510,23,11,12,0,.478,-1.73,-2.26,8,27,,https://www.sports-reference.com/cfb/schools/tulsa/,tulsa
264,UAB,1996,2025,28,331,146,185,0,.441,6,3,3,0,.500,-6.46,-4.11,0,2,,https://www.sports-reference.com/cfb/schools/alabama-birmingham/,alabama-birmingham
265,UCF,1996,2025,30,367,206,161,0,.561,15,6,9,0,.400,0.22,-2.92,5,6,,https://www.sports-reference.com/cfb/schools/central-florida/,central-florida
266,UCLA,1928,2025,98,1077,623,423,31,.593,38,17,20,1,.461,8.90,5.62,32,17,record adjusted to 616-430-31 by NCAA,https://www.sports-reference.com/cfb/schools/ucla/,ucla
267,Union (NY),1894,1902,3,18,3,15,0,.167,0,0,0,0,,-10.45,3.85,0,0,,https://www.sports-reference.com/cfb/schools/union-ny/,union-ny
268,USC,1922,2025,104,1181,806,335,40,.699,58,37,21,0,.638,13.81,6.24,51,39,record adjusted to 792-335-40 by NCAA,https://www.sports-reference.com/cfb/schools/southern-california/,southern-california
269,Utah,1905,2025,119,1199,701,468,30,.597,26,17,9,0,.654,2.55,-1.71,11,26,,https://www.sports-reference.com/cfb/schools/utah/,utah
270,Utah State,1912,2025,111,1130,547,555,28,.496,16,6,10,0,.375,-4.90,-4.79,4,13,record adjusted to 551-552-27 by NCAA,https://www.sports-reference.com/cfb/schools/utah-state/,utah-state
271,UTEP,1935,2025,88,965,349,598,18,.371,15,5,10,0,.333,-9.57,-5.13,0,2,,https://www.sports-reference.com/cfb/schools/texas-el-paso/,texas-el-paso
272,UTSA,2012,2025,14,172,92,80,0,.535,6,2,4,0,.333,-4.56,-5.00,0,2,,https://www.sports-reference.com/cfb/schools/texas-san-antonio/,texas-san-antonio
273,Vanderbilt,1902,2025,122,1264,571,650,43,.469,10,5,4,1,.550,3.45,3.56,3,0,record adjusted to 572-649-43 by NCAA,https://www.sports-reference.com/cfb/schools/vanderbilt/,vanderbilt
274,Vermont,1901,1905,5,48,21,22,5,.490,0,0,0,0,,-3.00,-1.06,0,0,,https://www.sports-reference.com/cfb/schools/vermont/,vermont
275,Villanova,1905,1980,59,547,270,260,17,.509,5,2,2,1,.500,-2.26,-3.09,3,0,,https://www.sports-reference.com/cfb/schools/villanova/,villanova
276,Virginia,1890,2025,122,1273,616,620,37,.498,21,8,13,0,.381,1.06,0.63,9,2,,https://www.sports-reference.com/cfb/schools/virginia/,virginia
277,Virginia Military Institute,1904,1981,70,684,306,344,34,.472,0,0,0,0,,-5.27,-4.03,1,7,,https://www.sports-reference.com/cfb/schools/virginia-military-institute/,virginia-military-institute
278,Virginia Tech,1902,2025,122,1292,746,502,44,.594,36,14,22,0,.389,3.16,-0.86,20,8,record adjusted to 747-501-44 by NCAA,https://www.sports-reference.com/cfb/schools/virginia-tech/,virginia-tech
279,Wabash,1904,1905,2,17,8,9,0,.471,0,0,0,0,,4.55,1.77,0,0,,https://www.sports-reference.com/cfb/schools/wabash/,wabash
280,Wake Forest,1908,2025,118,1216,493,692,31,.418,17,11,6,0,.647,-2.29,0.86,5,2,,https://www.sports-reference.com/cfb/schools/wake-forest/,wake-forest
281,Washburn,1905,1940,7,68,29,38,1,.434,0,0,0,0,,-11.77,-8.80,0,0,,https://www.sports-reference.com/cfb/schools/washburn/,washburn
282,Washington,1916,2025,109,1162,682,448,32,.601,42,20,21,1,.488,8.12,4.29,27,20,record adjusted to 685-445-32 by NCAA,https://www.sports-reference.com/cfb/schools/washington/,washington
283,Washington & Jefferson,1905,1934,30,288,196,71,21,.717,1,0,0,1,.500,4.77,-2.83,0,0,,https://www.sports-reference.com/cfb/schools/washington-jefferson/,washington-jefferson
284,Washington & Lee,1907,1953,44,390,191,174,25,.522,1,0,1,0,.000,-0.76,-1.91,1,2,,https://www.sports-reference.com/cfb/schools/washington-lee/,washington-lee
285,Washington (MO),1902,1942,40,331,147,165,19,.473,0,0,0,0,,-5.13,-4.22,0,3,,https://www.sports-reference.com/cfb/schools/washington-mo/,washington-mo
286,Washington State,1917,2025,106,1109,512,559,38,.479,18,7,11,0,.389,2.48,3.17,12,4,record adjusted to 514-557-38 by NCAA,https://www.sports-reference.com/cfb/schools/washington-state/,washington-state
287,Wesleyan (CT),1882,1905,24,217,92,118,7,.440,0,0,0,0,,0.49,3.84,0,0,,https://www.sports-reference.com/cfb/schools/wesleyan-ct/,wesleyan-ct
288,West Texas State,1941,1985,44,446,212,225,9,.485,4,4,0,0,1.000,-8.65,-8.69,0,4,,https://www.sports-reference.com/cfb/schools/west-texas-am/,west-texas-am
289,West Virginia,1909,2025,113,1225,703,481,41,.591,41,17,24,0,.415,3.93,0.55,20,15,,https://www.sports-reference.com/cfb/schools/west-virginia/,west-virginia
290,West Virginia Wesleyan,1913,1916,4,33,16,16,1,.500,0,0,0,0,,-1.55,-1.37,0,0,,https://www.sports-reference.com/cfb/schools/west-virginia-wesleyan/,west-virginia-wesleyan
291,Western Carolina,1977,1981,5,55,25,28,2,.473,0,0,0,0,,-8.00,-8.33,0,0,,https://www.sports-reference.com/cfb/schools/western-carolina/,western-carolina
292,Western Kentucky,2007,2025,19,241,129,112,0,.535,11,7,4,0,.636,-4.00,-5.64,1,2,,https://www.sports-reference.com/cfb/schools/western-kentucky/,western-kentucky
293,Western Michigan,1962,2025,64,716,370,339,7,.522,11,2,9,0,.182,-6.34,-7.10,1,3,record adjusted to 371-338-7 by NCAA,https://www.sports-reference.com/cfb/schools/western-michigan/,western-michigan
294,Western State,1924,1937,14,96,20,76,0,.208,0,0,0,0,,-20.15,-8.96,0,0,,https://www.sports-reference.com/cfb/schools/western-state/,western-state
295,Whitman,1923,1924,2,12,2,10,0,.167,0,0,0,0,,-13.95,1.72,0,0,,https://www.sports-reference.com/cfb/schools/whitman/,whitman
296,Wichita State,1945,1986,42,433,167,254,12,.400,3,0,3,0,.000,-10.37,-6.40,0,5,record adjusted to 168-253-12 by NCAA,https://www.sports-reference.com/cfb/schools/wichita-state/,wichita-state
297,William & Mary,1922,1983,55,559,260,279,20,.483,3,1,2,0,.333,-4.63,-4.51,3,4,,https://www.sports-reference.com/cfb/schools/william-mary/,william-mary
298,Williams,1886,1906,21,211,107,90,14,.540,0,0,0,0,,1.28,0.17,0,0,,https://www.sports-reference.com/cfb/schools/williams/,williams
299,Wisconsin,1892,2025,134,1324,745,527,52,.582,35,19,16,0,.543,8.17,4.82,26,14,record adjusted to 746-526-52 by NCAA,https://www.sports-reference.com/cfb/schools/wisconsin/,wisconsin
300,Wofford,1914,1936,15,128,36,88,4,.297,0,0,0,0,,-13.04,-5.23,0,0,,https://www.sports-reference.com/cfb/schools/wofford/,wofford
301,WPI,1888,1893,2,11,3,7,1,.318,0,0,0,0,,-12.11,-1.48,0,0,,https://www.sports-reference.com/cfb/schools/wpi/,wpi
302,Wyoming,1905,2025,114,1173,547,600,26,.477,19,10,9,0,.526,-4.60,-3.23,4,14,record adjusted to 548-599-26 by NCAA,https://www.sports-reference.com/cfb/schools/wyoming/,wyoming
303,Xavier,1935,1973,16,161,71,86,4,.453,0,0,0,0,,-11.60,-8.18,0,0,,https://www.sports-reference.com/cfb/schools/xavier/,xavier
304,Yale,1872,1981,108,973,717,203,53,.764,0,0,0,0,,7.88,-1.09,4,11,,https://www.sports-reference.com/cfb/schools/yale/,yale
